{
  "dropout_modules": 13,
  "dropout_rates": [
    0.01,
    0.01,
    0.01,
    0.01,
    0.01,
    0.01,
    0.01,
    0.01,
    0.01,
    0.01,
    0.01,
    0.01,
    0.01
  ],
  "limit": 500,
  "passes": 16,
  "microbatch": 4,
  "temperature": 1.0,
  "label_summaries": {
    "7": {
      "count": 49,
      "trace_mean": 12.882456185866376,
      "logdet_mean": -6880.549764827806,
      "off_diag_mean": 1597.7751390106823
    },
    "2": {
      "count": 55,
      "trace_mean": 13.374432017586448,
      "logdet_mean": -6881.009312855113,
      "off_diag_mean": 1702.94951282848
    },
    "1": {
      "count": 67,
      "trace_mean": 15.324095192240245,
      "logdet_mean": -6877.882542852146,
      "off_diag_mean": 1883.4038268131997
    },
    "0": {
      "count": 42,
      "trace_mean": 13.157997937429519,
      "logdet_mean": -6880.524274553572,
      "off_diag_mean": 1638.9757094610304
    },
    "4": {
      "count": 55,
      "trace_mean": 13.656781300631437,
      "logdet_mean": -6879.765154474432,
      "off_diag_mean": 1676.1526777787642
    },
    "9": {
      "count": 54,
      "trace_mean": 13.37103839273806,
      "logdet_mean": -6880.421739366319,
      "off_diag_mean": 1601.1043316876446
    },
    "5": {
      "count": 50,
      "trace_mean": 12.307601623535156,
      "logdet_mean": -6882.07869140625,
      "off_diag_mean": 1487.996085205078
    },
    "6": {
      "count": 43,
      "trace_mean": 13.78779281571854,
      "logdet_mean": -6880.8291469840115,
      "off_diag_mean": 1720.41122791379
    },
    "3": {
      "count": 45,
      "trace_mean": 13.243791219923231,
      "logdet_mean": -6881.776323784722,
      "off_diag_mean": 1876.6093051486546
    },
    "8": {
      "count": 40,
      "trace_mean": 13.236293721199036,
      "logdet_mean": -6880.893041992187,
      "off_diag_mean": 1773.6736366271973
    }
  }
}