{
  "dropout_modules": 12,
  "dropout_rates": [
    0.05,
    0.05,
    0.05,
    0.05,
    0.05,
    0.05,
    0.05,
    0.05,
    0.05,
    0.05,
    0.05,
    0.05
  ],
  "limit": 500,
  "passes": 16,
  "microbatch": 4,
  "temperature": 1.0,
  "label_summaries": {
    "7": {
      "count": 49,
      "trace_mean": 27.449955297976125,
      "logdet_mean": -6866.673270089285,
      "off_diag_mean": 3390.802824059311
    },
    "2": {
      "count": 55,
      "trace_mean": 27.440338654951617,
      "logdet_mean": -6866.908425071023,
      "off_diag_mean": 3424.096218039773
    },
    "1": {
      "count": 67,
      "trace_mean": 28.267676965514227,
      "logdet_mean": -6866.608638934235,
      "off_diag_mean": 3415.7223902460355
    },
    "0": {
      "count": 42,
      "trace_mean": 28.532906532287598,
      "logdet_mean": -6866.784877232143,
      "off_diag_mean": 3551.47403390067
    },
    "4": {
      "count": 55,
      "trace_mean": 27.882458461414682,
      "logdet_mean": -6866.669469105113,
      "off_diag_mean": 3378.734894353693
    },
    "9": {
      "count": 54,
      "trace_mean": 27.141743659973145,
      "logdet_mean": -6866.956217447917,
      "off_diag_mean": 3380.2332944516784
    },
    "5": {
      "count": 50,
      "trace_mean": 27.167123107910157,
      "logdet_mean": -6867.350146484375,
      "off_diag_mean": 3342.2398681640625
    },
    "6": {
      "count": 43,
      "trace_mean": 28.20475334344908,
      "logdet_mean": -6866.489439498547,
      "off_diag_mean": 3413.750471248183
    },
    "3": {
      "count": 45,
      "trace_mean": 27.0057125515408,
      "logdet_mean": -6867.32841796875,
      "off_diag_mean": 3421.530642361111
    },
    "8": {
      "count": 40,
      "trace_mean": 28.008314228057863,
      "logdet_mean": -6866.925427246094,
      "off_diag_mean": 3525.876055908203
    }
  }
}