{
  "dropout_modules": 13,
  "dropout_rates": [
    0.1,
    0.1,
    0.1,
    0.1,
    0.1,
    0.1,
    0.1,
    0.1,
    0.1,
    0.1,
    0.1,
    0.1,
    0.1
  ],
  "limit": 500,
  "passes": 16,
  "microbatch": 4,
  "temperature": 1.0,
  "label_summaries": {
    "7": {
      "count": 49,
      "trace_mean": 39.056395005206674,
      "logdet_mean": -6859.2822265625,
      "off_diag_mean": 4053.80994399713
    },
    "2": {
      "count": 55,
      "trace_mean": 39.30483668934215,
      "logdet_mean": -6858.651926491477,
      "off_diag_mean": 4021.696444424716
    },
    "1": {
      "count": 67,
      "trace_mean": 39.86857024235512,
      "logdet_mean": -6858.527219857742,
      "off_diag_mean": 4060.8449597714553
    },
    "0": {
      "count": 42,
      "trace_mean": 38.78581596556164,
      "logdet_mean": -6859.210170200893,
      "off_diag_mean": 4057.9498349144346
    },
    "4": {
      "count": 55,
      "trace_mean": 39.4826169794256,
      "logdet_mean": -6859.155593039773,
      "off_diag_mean": 4052.5393421519884
    },
    "9": {
      "count": 54,
      "trace_mean": 38.426856712058736,
      "logdet_mean": -6859.401222511574,
      "off_diag_mean": 4004.235681604456
    },
    "5": {
      "count": 50,
      "trace_mean": 38.55953788757324,
      "logdet_mean": -6859.347861328125,
      "off_diag_mean": 3988.4984130859375
    },
    "6": {
      "count": 43,
      "trace_mean": 39.6805674530739,
      "logdet_mean": -6859.308264444041,
      "off_diag_mean": 4124.938465207122
    },
    "3": {
      "count": 45,
      "trace_mean": 38.17035552130805,
      "logdet_mean": -6859.266124131945,
      "off_diag_mean": 4018.5480794270834
    },
    "8": {
      "count": 40,
      "trace_mean": 39.14410657882691,
      "logdet_mean": -6859.587133789062,
      "off_diag_mean": 4056.302526855469
    }
  }
}