{
  "dropout_modules": 13,
  "dropout_rates": [
    0.05,
    0.05,
    0.05,
    0.05,
    0.05,
    0.05,
    0.05,
    0.05,
    0.05,
    0.05,
    0.05,
    0.05,
    0.05
  ],
  "limit": 500,
  "passes": 16,
  "microbatch": 4,
  "temperature": 1.0,
  "label_summaries": {
    "7": {
      "count": 49,
      "trace_mean": 32.65250638066506,
      "logdet_mean": -6863.509606186224,
      "off_diag_mean": 3548.6338189572703
    },
    "2": {
      "count": 55,
      "trace_mean": 32.78494436090643,
      "logdet_mean": -6863.278240411932,
      "off_diag_mean": 3640.9549849076707
    },
    "1": {
      "count": 67,
      "trace_mean": 33.871009826660156,
      "logdet_mean": -6863.134998833955,
      "off_diag_mean": 3567.266514109142
    },
    "0": {
      "count": 42,
      "trace_mean": 32.219487962268644,
      "logdet_mean": -6863.692150297619,
      "off_diag_mean": 3564.377644856771
    },
    "4": {
      "count": 55,
      "trace_mean": 32.853430938720706,
      "logdet_mean": -6863.630628551136,
      "off_diag_mean": 3491.869677734375
    },
    "9": {
      "count": 54,
      "trace_mean": 32.7107124681826,
      "logdet_mean": -6863.522234881366,
      "off_diag_mean": 3522.9662317346642
    },
    "5": {
      "count": 50,
      "trace_mean": 32.46453025817871,
      "logdet_mean": -6863.91357421875,
      "off_diag_mean": 3615.07580078125
    },
    "6": {
      "count": 43,
      "trace_mean": 32.747721738593526,
      "logdet_mean": -6863.834642986919,
      "off_diag_mean": 3588.705339298692
    },
    "3": {
      "count": 45,
      "trace_mean": 31.93962885538737,
      "logdet_mean": -6863.759841579861,
      "off_diag_mean": 3659.268381076389
    },
    "8": {
      "count": 40,
      "trace_mean": 31.415182065963744,
      "logdet_mean": -6864.250268554688,
      "off_diag_mean": 3502.56318359375
    }
  }
}