{
  "dropout_modules": 12,
  "dropout_rates": [
    0.01,
    0.01,
    0.01,
    0.01,
    0.01,
    0.01,
    0.01,
    0.01,
    0.01,
    0.01,
    0.01,
    0.01
  ],
  "limit": 500,
  "passes": 16,
  "microbatch": 4,
  "temperature": 1.0,
  "label_summaries": {
    "7": {
      "count": 49,
      "trace_mean": 11.4058604726986,
      "logdet_mean": -6883.000109614158,
      "off_diag_mean": 1538.7862785495058
    },
    "2": {
      "count": 55,
      "trace_mean": 10.897661577571522,
      "logdet_mean": -6884.221697443182,
      "off_diag_mean": 1521.0170288085938
    },
    "1": {
      "count": 67,
      "trace_mean": 12.604244858471315,
      "logdet_mean": -6880.795315415112,
      "off_diag_mean": 1623.3890891003964
    },
    "0": {
      "count": 42,
      "trace_mean": 12.399946292241415,
      "logdet_mean": -6882.50763811384,
      "off_diag_mean": 1741.2277207147508
    },
    "4": {
      "count": 55,
      "trace_mean": 11.910228859294545,
      "logdet_mean": -6882.544247159091,
      "off_diag_mean": 1599.6014137961647
    },
    "9": {
      "count": 54,
      "trace_mean": 13.359247145829377,
      "logdet_mean": -6882.5774830005785,
      "off_diag_mean": 1869.1861719202113
    },
    "5": {
      "count": 50,
      "trace_mean": 10.855531063079834,
      "logdet_mean": -6885.064130859375,
      "off_diag_mean": 1515.5423175048827
    },
    "6": {
      "count": 43,
      "trace_mean": 11.740941646487213,
      "logdet_mean": -6883.2963412972385,
      "off_diag_mean": 1586.34883578988
    },
    "3": {
      "count": 45,
      "trace_mean": 11.123929924435085,
      "logdet_mean": -6884.622829861111,
      "off_diag_mean": 1568.6922356499565
    },
    "8": {
      "count": 40,
      "trace_mean": 10.820239543914795,
      "logdet_mean": -6883.959851074219,
      "off_diag_mean": 1499.5623558044433
    }
  }
}