{
  "dropout_modules": 13,
  "dropout_rates": [
    0.1,
    0.1,
    0.1,
    0.1,
    0.1,
    0.1,
    0.1,
    0.1,
    0.1,
    0.1,
    0.1,
    0.1,
    0.1
  ],
  "limit": 64,
  "passes": 64,
  "microbatch": 8,
  "temperature": 0.01,
  "label_summaries": {
    "7": {
      "count": 7,
      "accuracy": 0.0,
      "trace_mean": 38.67120851789202,
      "entropy_mean": 2.1175543580736433,
      "mi_mean": 0.0887136799948556
    },
    "2": {
      "count": 5,
      "accuracy": 0.0,
      "trace_mean": 37.5335090637207,
      "entropy_mean": 2.1191586017608643,
      "mi_mean": 0.08616161346435547
    },
    "1": {
      "count": 10,
      "accuracy": 1.0,
      "trace_mean": 39.29090118408203,
      "entropy_mean": 2.0825993061065673,
      "mi_mean": 0.09411952495574952
    },
    "0": {
      "count": 6,
      "accuracy": 0.0,
      "trace_mean": 38.62520535786947,
      "entropy_mean": 2.110597531000773,
      "mi_mean": 0.08714461326599121
    },
    "4": {
      "count": 10,
      "accuracy": 0.0,
      "trace_mean": 39.52858200073242,
      "entropy_mean": 2.100452423095703,
      "mi_mean": 0.09100165367126464
    },
    "9": {
      "count": 7,
      "accuracy": 0.0,
      "trace_mean": 40.10554885864258,
      "entropy_mean": 2.1030386856624057,
      "mi_mean": 0.09116472516741071
    },
    "5": {
      "count": 7,
      "accuracy": 0.0,
      "trace_mean": 37.49132973807199,
      "entropy_mean": 2.1216933386666432,
      "mi_mean": 0.08721239226205009
    },
    "6": {
      "count": 5,
      "accuracy": 0.0,
      "trace_mean": 39.477664947509766,
      "entropy_mean": 2.1175087451934815,
      "mi_mean": 0.08489360809326171
    },
    "3": {
      "count": 6,
      "accuracy": 0.0,
      "trace_mean": 38.88816515604655,
      "entropy_mean": 2.115818818410238,
      "mi_mean": 0.08793481190999348
    },
    "8": {
      "count": 1,
      "accuracy": 0.0,
      "trace_mean": 37.747676849365234,
      "entropy_mean": 2.0922439098358154,
      "mi_mean": 0.11183834075927734
    }
  },
  "overall_accuracy": 0.15625
}