{
  "dropout_modules": 1,
  "dropout_rates": [
    0.1
  ],
  "limit": 64,
  "passes": 64,
  "microbatch": 8,
  "temperature": 0.1,
  "label_summaries": {
    "7": {
      "count": 7,
      "accuracy": 0.0,
      "trace_mean": 17.02300262451172,
      "entropy_mean": 2.298832484654018,
      "mi_mean": 0.0006291525704520089
    },
    "2": {
      "count": 5,
      "accuracy": 1.0,
      "trace_mean": 16.00597438812256,
      "entropy_mean": 2.299957036972046,
      "mi_mean": 0.0005776405334472657
    },
    "1": {
      "count": 10,
      "accuracy": 0.0,
      "trace_mean": 18.485033321380616,
      "entropy_mean": 2.3016668558120728,
      "mi_mean": 0.0005347013473510742
    },
    "0": {
      "count": 6,
      "accuracy": 0.8333333333333334,
      "trace_mean": 16.94092082977295,
      "entropy_mean": 2.301322340965271,
      "mi_mean": 0.0006028016408284506
    },
    "4": {
      "count": 10,
      "accuracy": 0.0,
      "trace_mean": 16.010504913330077,
      "entropy_mean": 2.3009433507919312,
      "mi_mean": 0.0004852056503295898
    },
    "9": {
      "count": 7,
      "accuracy": 0.2857142857142857,
      "trace_mean": 14.43409524645124,
      "entropy_mean": 2.301011426108224,
      "mi_mean": 0.0004240785326276507
    },
    "5": {
      "count": 7,
      "accuracy": 0.0,
      "trace_mean": 15.537040029253278,
      "entropy_mean": 2.3007326807294572,
      "mi_mean": 0.0004133837563650949
    },
    "6": {
      "count": 5,
      "accuracy": 0.2,
      "trace_mean": 14.4278169631958,
      "entropy_mean": 2.3013572692871094,
      "mi_mean": 0.0003792762756347656
    },
    "3": {
      "count": 6,
      "accuracy": 0.0,
      "trace_mean": 15.084420045216879,
      "entropy_mean": 2.300808628400167,
      "mi_mean": 0.00045851866404215497
    },
    "8": {
      "count": 1,
      "accuracy": 0.0,
      "trace_mean": 16.819499969482422,
      "entropy_mean": 2.301624298095703,
      "mi_mean": 0.0005061626434326172
    }
  },
  "overall_accuracy": 0.203125
}