{
  "dropout_modules": 12,
  "dropout_rates": [
    0.1,
    0.1,
    0.1,
    0.1,
    0.1,
    0.1,
    0.1,
    0.1,
    0.1,
    0.1,
    0.1,
    0.1
  ],
  "limit": 500,
  "passes": 16,
  "microbatch": 4,
  "temperature": 1.0,
  "label_summaries": {
    "7": {
      "count": 49,
      "trace_mean": 31.576734776399572,
      "logdet_mean": -6863.416185028699,
      "off_diag_mean": 3791.6777493223854
    },
    "2": {
      "count": 55,
      "trace_mean": 31.266273949363015,
      "logdet_mean": -6863.473224431818,
      "off_diag_mean": 3727.2734907670456
    },
    "1": {
      "count": 67,
      "trace_mean": 31.485525216629256,
      "logdet_mean": -6863.127966126399,
      "off_diag_mean": 3757.9823854361007
    },
    "0": {
      "count": 42,
      "trace_mean": 30.88816056932722,
      "logdet_mean": -6863.995977492559,
      "off_diag_mean": 3791.219482421875
    },
    "4": {
      "count": 55,
      "trace_mean": 31.20765318437056,
      "logdet_mean": -6863.797212357955,
      "off_diag_mean": 3765.8000310724433
    },
    "9": {
      "count": 54,
      "trace_mean": 31.031568350615323,
      "logdet_mean": -6863.949155454283,
      "off_diag_mean": 3752.314751519097
    },
    "5": {
      "count": 50,
      "trace_mean": 31.355314750671386,
      "logdet_mean": -6864.246962890625,
      "off_diag_mean": 3851.26654296875
    },
    "6": {
      "count": 43,
      "trace_mean": 30.937086060989735,
      "logdet_mean": -6863.433048691861,
      "off_diag_mean": 3714.665402434593
    },
    "3": {
      "count": 45,
      "trace_mean": 31.424091381496854,
      "logdet_mean": -6863.088661024305,
      "off_diag_mean": 3691.7948187934026
    },
    "8": {
      "count": 40,
      "trace_mean": 31.2387442111969,
      "logdet_mean": -6863.542895507812,
      "off_diag_mean": 3740.3953369140627
    }
  }
}