{
  "mean_trace": 38.90555018186569,
  "std_trace": 1.473116195874956,
  "mean_logdet": -6280.35733795166,
  "std_logdet": 4.139343045497059,
  "mean_offdiag": 3052.3893394470215,
  "std_offdiag": 195.00026917393023,
  "max_trace": 41.85667037963867,
  "min_trace": 34.1939811706543
}