tau,mean_entropy,mean_mi
1.0,2.3025646470487118,9.778887033462524e-06
0.5,2.302503354847431,3.905594348907471e-05
0.25,2.3022585324943066,0.00015600770711898804
0.1,2.300551388412714,0.0009712204337120056
0.05,2.2944918796420097,0.003859095275402069
0.01,2.1071968860924244,0.08966309949755669
