tau,overall_accuracy,mean_entropy,mean_mi
1.0,0.203125,2.3025667518377304,5.256384611129761e-06
0.5,0.203125,2.3025120198726654,2.0932406187057495e-05
0.25,0.203125,2.3022944442927837,8.283555507659912e-05
0.1,0.203125,2.300798747688532,0.0005019381642341614
0.05,0.203125,2.295625001192093,0.0019154399633407593
0.01,0.203125,2.1588739957660437,0.03730694204568863
